基金代码,基金简称
159901,易方达深证100ETF
160706,嘉实沪深300ETF联接A
510050,华夏上证50ETF
510630,华夏消费ETF
510180,华安上证180ETF
512600,嘉实中证主要消费ETF
159928,汇添富中证主要消费ETF
510880,华泰柏瑞上证红利ETF
159902,华夏中小企业100ETF
515220,国泰中证煤炭ETF
008279,国泰中证煤炭ETF联接A
008280,国泰中证煤炭ETF联接C
510090,建信责任ETF
001631,天弘中证食品饮料ETF联接A
001632,天弘中证食品饮料ETF联接C
510680,万家上证50ETF
510660,华夏医药ETF
159916,建信深证基本面60ETF
000248,汇添富中证主要消费ETF联接A
530010,建信上证社会责任ETF联接
530015,建信深证基本面60ETF联接A
270010,广发沪深300ETF联接A
510030,华宝上证180价值ETF
159985,华夏饲料豆粕期货ETF
159933,国投瑞银金融地产ETF
510150,招商上证消费80ETF
159915,易方达创业板ETF
217017,招商上证消费80ETF联接A
510650,上证金融地产发起式ETF
512890,华泰柏瑞中证低波动ETF
512040,富国中证价值ETF
159934,易方达黄金ETF
006748,富国中证价值ETF联接A
007937,华夏饲料豆粕期货ETF联接A
159910,嘉实深证基本面120ETF
007938,华夏饲料豆粕期货ETF联接C
110026,易方达创业板ETF联接A
159937,博时黄金ETF
159913,交银深证300价值ETF
160615,鹏华沪深300ETF联接(LOF)A
510290,南方上证380ETF
000218,国泰黄金ETF联接A
512690,鹏华中证酒ETF
518880,华安黄金易ETF
515100,景顺长城红利低波动100ETF
518800,国泰黄金ETF
000216,华安黄金易ETF联接A
510500,南方中证500ETF
159922,嘉实中证500ETF
202025,南方上证380ETF联接A
159905,工银深证红利ETF
240019,华宝中证银行ETF联接A
512070,易方达沪深300非银ETF
519706,交银深证300价值ETF联接
515080,招商中证红利ETF
000217,华安黄金易ETF联接C
510330,华夏沪深300ETF
512640,嘉实中证金融地产ETF
510160,中证南方小康产业指数ETF
159925,南方沪深300ETF
481012,工银深证红利ETF联接A
000613,国寿安保沪深300ETF联接
002610,博时黄金ETF联接A
000307,易方达黄金ETF联接A
510130,中盘ETF
460300,华泰柏瑞沪深300ETF联接A
004253,国泰黄金ETF联接C
007466,华泰柏瑞中证红利低波ETF联接A
159935,景顺长城中证500ETF
110021,易方达上证中盘ETF联接A
159908,博时创业板ETF
510230,国泰上证180金融ETF
510310,易方达沪深300发起式ETF
510510,广发中证500ETF
159918,嘉实中创400ETF
512760,国泰CES半导体芯片ETF
007467,华泰柏瑞中证红利低波ETF联接C
002611,博时黄金ETF联接C
000008,嘉实中证500ETF联接A
160119,南方中证500ETF联接A
159981,建信易盛能源化工期货ETF
002963,易方达黄金ETF联接C
020021,国泰上证180金融ETF联接A
512010,易方达沪深300医药ETF
512190,浙商之江凤凰ETF
050021,博时创业板ETF联接A
159909,招商深证TMT50ETF
159980,大成有色金属期货ETF
159936,广发中证全指可选消费ETF
515700,平安中证新能源汽车产业ETF
159919,嘉实沪深300ETF
070030,嘉实中创400ETF联接A
202021,南方小康ETF联接A
159806,国泰中证新能源汽车ETF
510210,上证综指ETF
515890,博时红利ETF
515450,南方红利低波50ETF
511220,海富通上证城投债ETF
515180,易方达中证红利ETF
510300,华泰柏瑞沪深300ETF
007300,国联安中证半导体ETF联接A
007191,富国中证价值ETF联接C
009067,国泰中证新能源汽车ETF联接A
217019,招商深证TMT50ETF联接A
510010,交银上证180公司治理ETF
510810,汇添富中证上海国企ETF
007301,国联安中证半导体ETF联接C
512260,华安中证低波动ETF
159923,大成中证100ETF
009068,国泰中证新能源汽车ETF联接C
008163,南方红利低波50ETF联接A
512480,国联安中证半导体ETF
006733,博时创业板ETF联接C
100053,富国上证指数ETF联接A
008164,南方红利低波50ETF联接C
007593,鹏扬中证500质量成长ETF联接A
007594,鹏扬中证500质量成长ETF联接C
240014,华宝中证100ETF联接A
159961,方正富邦深证100ETF
159929,汇添富中证医药卫生ETF
159967,华夏创成长ETF
511010,国泰上证5年期国债ETF
515300,嘉实沪深300红利低波动ETF
159931,汇添富中证金融地产ETF
007784,广发央企创新驱动ETF联接A
513000,易方达日经225ETF
515580,华泰柏瑞中证科技100ETF
510270,中银上证国企100ETF
007809,富国央企创新驱动ETF联接A
040180,华安上证180ETF联接A
007785,广发央企创新驱动ETF联接C
160424,华安创业板50ETF联接C
513520,华夏野村日经225ETF
159974,富国央企创新ETF
515200,申万菱信中证研发创新100ETF
512990,华夏MSCIA股国际通ETF
512150,汇安富时中国A50ETF
513800,南方顶峰TOPIX-ETF
004743,易方达上证中盘ETF联接C
007474,华夏创业板成长ETF联接A
159938,广发中证全指医药卫生ETF
007810,富国央企创新驱动ETF联接C
164809,工银中证500ETF联接A
004407,招商上证消费80ETF联接C
512120,华安中证细分医药ETF
006939,鹏华沪深300ETF联接(LOF)C
510550,方正富邦中证500ETF
159930,汇添富中证能源ETF
006248,华夏创业板ETF联接A
515590,前海开源中证500等权ETF
512090,易方达MSCI中国A股ETF
007475,华夏创业板成长ETF联接C
006363,建信深证基本面60ETF联接C
110020,易方达沪深300ETF联接A
511270,海富通上证10年期ETF
159982,鹏华中证500ETF
512360,平安MSCI中国A股国际ETF
009051,易方达中证红利ETF联接A
007796,博时央创ETF联接A
006249,华夏创业板ETF联接C
009052,易方达中证红利ETF联接C
512520,华泰MSCI中国A股国际通ETF
513880,华安日经225ETF
005868,平安MSCI中国A股ETF联接A
515210,国泰中证钢铁ETF
007571,南方上证380ETF联接C
008189,国泰中证钢铁ETF联接A
517180,南方富时中国国企开放共赢ETF
005869,平安MSCI中国A股ETF联接C
007605,嘉实沪深300红利低波动ETF联接A
512670,鹏华中证国防ETF
007797,博时央创ETF联接C
470068,汇添富深证300ETF联接A
008190,国泰中证钢铁ETF联接C
159907,广发国证2000ETF
511260,国泰上证10年期国债ETF
512220,景顺中证科技传媒通信150ETF
007606,嘉实沪深300红利低波动ETF联接C
159719,平安富时中国国企开放共赢ETF
512280,景顺MSCI中国A股ETF
007983,申万菱信中证研发创新100ETF联接A
515680,嘉实中证央企创新驱动ETF
512700,南方中证银行ETF
159968,博时中证500ETF
006214,平安500ETF联接A
512390,平安MSCI中国A股ETF
007792,嘉实央企创新驱动ETF联接A
515900,博时央企创新驱动ETF
512160,南方MSCI中国A股国际通ETF
515600,广发央企创新ETF
510060,工银上证央企ETF
006215,平安500ETF联接C
007984,申万菱信中证研发创新100ETF联接C
162711,广发中证500ETF联接A
006486,广发中证1000ETF联接A
512550,嘉实富时中国A50ETF
007793,嘉实央企创新驱动ETF联接C
007028,易方达中证500ETF联接A
006098,华宝券商ETF联接A
005693,广发中证军工ETF联接C
159966,华夏创业板价值ETF
159830,天弘上海金ETF
007029,易方达中证500ETF联接C
159959,银华中证央企结构调整ETF
159912,汇添富深证300ETF
004597,南方银行ETF联接A
518660,工银瑞信黄金ETF
518850,华夏黄金ETF
006487,广发中证1000ETF联接C
517090,国泰富时中国国企开放共赢ETF
159812,前海开源黄金ETF
000051,华夏沪深300ETF联接A
006087,华泰柏瑞中证500ETF联接C
510360,广发沪深300ETF
512530,建信沪深300红利ETF
005873,建信创业板ETF联接A
512180,建信MSCI中国A股国际通ETF
159965,国联央视财经50ETF
510190,华安上证50ETF
159834,金ETF
007932,鹏华中证500ETF联接A
159831,嘉实上海金ETF
006743,国联央视财经50ETF联接A
008001,鹏华中证500ETF联接C
159972,鹏华中证5年地债ETF
070039,嘉实中证500ETF联接C
006196,华夏中证央企ETF联接A
511020,平安中证5-10年国债活跃券ETF
008907,汇添富中证国企一带一路ETF联接A
006438,博时央调ETF联接A
005874,建信创业板ETF联接C
159990,银华巨潮小盘价值ETF
004598,南方银行ETF联接C
001594,天弘中证银行ETF联接A
004488,嘉实富时中国A50ETF联接A
000373,华安中证细分医药ETF联接A
004346,南方小康ETF联接C
006744,国联央视财经50ETF联接C
110019,易方达深证100ETF联接A
006909,华夏战略新兴成指ETF联接A
008399,华泰柏瑞中证科技ETF联接A
040190,华安上证50ETF联接A
006382,华夏中证500ETF联接C
008396,博时中证500ETF联接A
008908,汇添富中证国企一带一路ETF联接C
518680,富国上海金ETF
009198,前海开源黄金ETF联接
006687,方正富邦深证100ETF联接A
511060,海富通上证5年期ETF
006197,华夏中证央企ETF联接C
512950,华夏中证央企ETF
005761,招商MSCI中国A股国际ETF联接A
016128,景顺长城中证红利低波动100ETF发起联接A
009033,建信上海金ETF联接A
009477,中银上海金ETF联接A
016129,景顺长城中证红利低波动100ETF发起联接C
002987,广发沪深300ETF联接C
515030,华夏中证新能源汽车ETF
159971,富国创业板ETF
501011,汇添富中证中药ETF联接(LOF)A
512960,博时央企结构调整ETF
006439,博时央调ETF联接C
008400,华泰柏瑞中证科技ETF联接C
511030,平安中债债利差因子ETF
510600,申万菱信上证50ETF
001595,天弘中证银行ETF联接C
007472,华夏创业板价值ETF联接A
008397,博时中证500ETF联接C
006910,华夏战略新兴成指ETF联接C
008142,工银黄金ETF联接A
009478,中银上海金ETF联接C
009034,建信上海金ETF联接C
004742,易方达深证100ETF联接C
159987,银华中证研发创新100ETF
014661,天弘上海金ETF发起联接A
515550,国联中证500ETF
159957,华夏创业板ETF
518600,广发上海金ETF
005063,广发中证全指家用电器ETF联接A
008143,工银黄金ETF联接C
007473,华夏创业板价值ETF联接C
513310,华泰柏瑞中韩半导体ETF(QDII)
518890,中银上海金ETF
501012,汇添富中证中药ETF联接(LOF)C
000376,华安中证细分医药ETF联接C
009656,华安中债1-5年国开行债券ETF联接A
014662,天弘上海金ETF发起联接C
000961,天弘沪深300ETF联接A
005762,招商MSCI中国A股国际ETF联接C
008975,富国中证消费50ETF联接A
009657,华安中债1-5年国开行债券ETF联接C
515780,浦银安盛MSCI中国A股ETF
270026,广发国证2000ETF联接A
006688,方正富邦深证100ETF联接C
515110,易方达中证国企一带一路ETF
005064,广发中证全指家用电器ETF联接C
159964,平安创业板ETF
008701,华夏黄金ETF联接A
512770,华夏战略新兴成指ETF
515020,华夏中证银行ETF
512170,华宝中证医疗ETF
512380,银华MSCI中国A股ETF
007786,富国中证国企一带一路ETF联接A
512930,平安人工智能ETF
518860,建信上海金ETF
012761,华泰柏瑞上证红利ETF联接A
005880,建信上证50ETF发起联接A
008281,国泰CES半导体芯片行业ETF联接A
008976,富国中证消费50ETF联接C
012762,华泰柏瑞上证红利ETF联接C
560080,汇添富中证中药ETF
513530,华泰柏瑞中证港股通高股息投资ETF(QDII)
159816,鹏华0-4年地方政府债ETF
008702,华夏黄金ETF联接C
512870,南华中证杭州湾区ETF
007787,富国中证国企一带一路ETF联接C
008282,国泰CES半导体芯片行业ETF联接C
159956,建信创业板ETF
005881,建信上证50ETF发起联接C
511360,海富通中证短融ETF
515990,添富中证国企一带一路ETF
511380,博时可转债ETF
001539,嘉实中证金融地产ETF联接A
512730,鹏华中证银行ETF
512710,富国中证军工龙头ETF
561510,华泰柏瑞中证中药ETF
008298,华夏中证银行ETF联接A
515280,富国中证银行ETF
012692,博时中债0-3年国开行债券ETF联接A
009504,富国上海金ETF联接A
008713,国泰中证全指家用电器ETF联接A
016581,嘉实上海金ETF发起联接A
012693,博时中债0-3年国开行债券ETF联接C
561560,华泰柏瑞中证全指电力公用事业ETF
008986,广发上海金ETF联接A
016582,嘉实上海金ETF发起联接C
510410,博时上证自然资源ETF
560880,广发中证全指家用电器ETF
159975,招商深证100ETF
515360,方正富邦沪深300ETF
006756,国泰中证生物医药ETF联接A
512560,易方达中证军工ETF
008299,华夏中证银行ETF联接C
007856,易方达中证800ETF联接A
512820,汇添富中证银行ETF
008714,国泰中证全指家用电器ETF联接C
515150,富国中证国企一带一路ETF
009505,富国上海金ETF联接C
515160,招商MSCI中国A股国际通ETF
512750,嘉实中证锐联基本面ETF
159945,广发中证全指能源ETF
008987,广发上海金ETF联接C
007857,易方达中证800ETF联接C
006697,华宝中证银行ETF联接C
515750,富国中证科技50策略ETF
511090,鹏扬中债-30年期国债ETF
512290,国泰中证生物医药ETF
515190,中银证券中证500ETF
050024,博时上证自然资源ETF联接A
159977,天弘创业板ETF
159973,弘毅远方民企领先100ETF
012728,国泰中证动漫游戏ETF联接A
515810,易方达中证800ETF
006757,国泰中证生物医药ETF联接C
512800,华宝中证银行ETF
515850,富国中证全指证券公司ETF
018391,南方金ETF联接A
511520,富国中债7-10年政策性金融债ETF
006131,华泰柏瑞沪深300ETF联接C
515000,华宝中证科技龙头ETF
018392,南方金ETF联接C
159996,国泰中证全指家电ETF
510530,工银中证500ETF
159804,国寿安保创精选88ETF
515650,富国中证消费50ETF
012729,国泰中证动漫游戏ETF联接C
511580,招商中证政策性金融债3-5年ETF
159952,广发创业板ETF
010561,银华巨潮小盘价值ETF联接A
007885,国联中证500ETF联接A
159625,嘉实国证绿色电力ETF
515950,富国中证医药50ETF
018266,富国中债7-10年政策性金融债ETF发起式联接A
515860,嘉实新兴科技100ETF
006220,工银上证50ETF联接A
008258,中银证券中证500ETF联接A
018267,富国中债7-10年政策性金融债ETF发起式联接C
016363,招商中证红利ETF联接E
160418,华安中证银行ETF联接A
012768,华夏中证动漫游戏ETF联接A
515350,民生加银沪深300ETF
511180,海富通上证投资级可转债ETF
007886,国联中证500ETF联接C
159958,工银瑞信创业板ETF
159649,华安中债1-5年国开债ETF
009179,嘉实中证主要消费ETF联接A
008259,中银证券中证500ETF联接C
159617,华夏中证智选500价值稳健策略ETF
012769,华夏中证动漫游戏ETF联接C
510850,工银瑞信上证50ETF
006656,方正富邦中证500ETF联接A
159650,博时中债0-3年国开行ETF
012643,招商中证红利ETF联接A
159651,平安中债-0-3年国开行债券ETF
012644,招商中证红利ETF联接C
160724,嘉实沪深300ETF联接C
009180,嘉实中证主要消费ETF联接C
019855,博时中证新能源ETF发起式联接A
006221,工银上证50ETF联接C
017226,富国中证全指家用电器ETF发起式联接A
019856,博时中证新能源ETF发起式联接C
005737,博时上证50ETF联接C
562060,华宝标普中国A股红利机会ETF
017227,富国中证全指家用电器ETF发起式联接C
020095,富国中证绿色电力ETF发起式联接A
020096,富国中证绿色电力ETF发起式联接C
159693,华泰柏瑞中证有色金属矿业主题ETF
019910,博时上证自然资源ETF联接C
159991,招商创业板大盘ETF
159647,鹏华中证中药ETF
019596,富国中债7-10年政策性金融债ETF发起式联接E
017481,博时中证全指电力ETF发起式联接A
005919,天弘中证500ETF联接C
563020,易方达中证红利低波动ETF
562660,华夏中证2000ETF
017482,博时中证全指电力ETF发起式联接C
512810,华宝中证军工ETF
515130,博时沪深300ETF
562390,银华中证中药ETF
005229,嘉实富时中国A50ETF联接C
513630,摩根标普港股通低波红利ETF
019311,南方富时中国国企开放共赢ETF发起联接A
019312,南方富时中国国企开放共赢ETF发起联接C
006657,方正富邦中证500ETF联接C
159920,华夏恒生ETF(QDII)
511100,华夏上证基准做市国债ETF
020341,工银黄金ETF联接E
000962,天弘中证500ETF联接A
019592,嘉实中证国新央企现代能源ETF联接A
019593,嘉实中证国新央企现代能源ETF联接C
001617,天弘中证电子ETF联接A
560280,广发中证工程机械主题ETF
159549,天弘中证红利低波动100ETF
562530,华夏中证智选1000价值稳健策略ETF
159562,华夏中证沪深港黄金产业股票ETF
020517,易方达深证50ETF联接发起式A
020518,易方达深证50ETF联接发起式C
510800,建信上证50ETF
020101,易方达中证100ETF联接发起式C
020100,易方达中证100ETF联接发起式A
159866,工银瑞信大和日经225ETF(QDII)
020102,易方达中证沪港深300ETF发起式联接A
020103,易方达中证沪港深300ETF发起式联接C
008291,民生加银沪深300ETF联接A
515660,国联安沪深300ETF
019886,南方国证交通运输行业ETF发起联接A
016879,招商中证上海环交所碳中和ETF发起式联接A
159530,易方达国证机器人产业ETF
016880,招商中证上海环交所碳中和ETF发起式联接C
019409,易方达中证港股通中国100ETF联接发起式C
019887,南方国证交通运输行业ETF发起联接C
019408,易方达中证港股通中国100ETF联接发起式A
019164,汇添富中证细分有色金属产业主题ETF发起式联接A
007405,华宝中证100ETF联接C
019165,汇添富中证细分有色金属产业主题ETF发起式联接C
005639,平安300ETF联接A
510590,平安中证500ETF
510200,汇安上证证券ETF
019874,广发中证稀有金属ETF发起式联接A
019875,广发中证稀有金属ETF发起式联接C
019702,易方达上证科创板成长ETF联接发起式A
019703,易方达上证科创板成长ETF联接发起式C
510760,国泰上证综合交易ETF
515090,博时可持续发展100ETF
020113,易方达中证沪港深500ETF发起式联接A
020114,易方达中证沪港深500ETF发起式联接C
020104,易方达中证石化产业ETF联接发起式A
020105,易方达中证石化产业ETF联接发起式C
005999,嘉实中证金融地产ETF联接C
159532,易方达中证2000ETF
513090,易方达中证香港证券投资ETF
020423,华夏中证港股通内地金融ETF发起式联接C
020422,华夏中证港股通内地金融ETF发起式联接A
159969,银华深证100ETF
019058,易方达中证绿色电力ETF联接发起式A
515760,华夏中证浙江国资创新发展ETF
563200,富国中证2000ETF
008292,民生加银沪深300ETF联接C
019059,易方达中证绿色电力ETF联接发起式C
510170,国联安上证商品ETF
004744,易方达创业板ETF联接C
020466,华泰柏瑞中证中央企业红利ETF发起式联接A
020467,华泰柏瑞中证中央企业红利ETF发起式联接C
020403,易方达国证信息技术创新主题ETF联接发起式A
020404,易方达国证信息技术创新主题ETF联接发起式C
019544,招商中证国新央企股东回报ETF发起式联接A
257060,国联安上证商品ETF联接A
019545,招商中证国新央企股东回报ETF发起式联接C
159851,华宝中证金融科技主题ETF
513920,华安恒生港股通中国央企红利ETF
159691,工银瑞信中证港股通高股息精选ETF
159535,嘉实中证2000ETF
019090,博时中证新能源汽车ETF发起式联接A
005918,天弘沪深300ETF联接C
016836,国泰中证基建ETF发起联接A
019091,博时中证新能源汽车ETF发起式联接C
005390,工银创业板ETF联接A
159512,广发中证全指汽车ETF
019260,富国恒生港股通高股息低波动ETF发起式联接A
159567,银华国证港股通创新药ETF
560220,广发中证2000ETF
019261,富国恒生港股通高股息低波动ETF发起式联接C
561370,国泰中证2000ETF
007815,嘉实新兴科技100ETF联接A
016837,国泰中证基建ETF发起联接C
020405,国泰中证油气产业ETF发起联接A
020406,国泰中证油气产业ETF发起联接C
159536,汇添富中证2000ETF
006724,工银深证红利ETF联接C
004343,南方创业板ETF联接C
001618,天弘中证电子ETF联接C
019428,广发中证国新央企股东回报ETF发起式联接A
019429,广发中证国新央企股东回报ETF发起式联接C
561170,富国中证绿色电力ETF
007992,华夏中证全指证券公司ETF联接A
515770,摩根MSCI中国A股ETF
561200,工银中证100ETF
515010,华夏中证全指证券公司ETF
019001,华夏中证智选500价值稳健策略ETF发起式联接A
563300,华泰柏瑞中证2000ETF
019002,华夏中证智选500价值稳健策略ETF发起式联接C
159570,汇添富国证港股通创新药ETF
000071,华夏恒生ETF联接A
017056,嘉实国证绿色电力ETF发起联接A
018172,华泰柏瑞中证电力全指ETF发起式联接A
159876,华宝有色金属ETF
513660,华夏沪港通恒生ETF
510580,易方达中证500ETF
562960,易方达中证绿色电力ETF
560020,汇添富中证红利ETF
019454,华泰柏瑞中韩半导体ETF发起式联接(QDII)A
010990,南方有色金属ETF联接E
018173,华泰柏瑞中证电力全指ETF发起式联接C
007816,嘉实新兴科技100ETF联接C
019455,华泰柏瑞中韩半导体ETF发起式联接(QDII)C
513950,富国恒生港股通高股息低波动ETF(QDII)
516110,国泰中证800汽车与零部件ETF
588200,嘉实上证科创板芯片ETF
562550,华夏中证绿色电力ETF
005640,平安300ETF联接C
017057,嘉实国证绿色电力ETF发起联接C
159556,平安中证2000增强策略ETF
007379,易方达上证50ETF联接基金A
516770,华泰柏瑞中证动漫游戏ETF
007153,汇添富中证银行ETF联接A
159531,南方中证2000ETF
019162,汇添富中证800价值ETF发起式联接A
019163,汇添富中证800价值ETF发起式联接C
160422,华安创业板50ETF联接A
159519,国泰中证香港内地国有企业ETF(QDII)
561360,国泰中证油气产业ETF
159576,广发深证100ETF
007380,易方达上证50ETF联接基金C
007993,华夏中证全指证券公司ETF联接C
007154,汇添富中证银行ETF联接C
018387,华泰柏瑞中证港股通高股息投资ETF发起式联接A
516970,广发中证基建工程ETF
510100,易方达上证50ETF
008898,国寿创精选88ETF联接A
018388,华泰柏瑞中证港股通高股息投资ETF发起式联接C
011319,国泰上证综合ETF联接A
015577,国联安上证商品ETF联接C
513810,华夏中证香港内地国有企业ETF(QDII)
002903,广发中证500ETF联接C
019320,易方达中证500质量成长ETF联接发起式A
517520,永赢中证沪深港黄金产业股票ETF
019321,易方达中证500质量成长ETF联接发起式C
003765,广发创业板ETF联接A
001237,博时上证50ETF联接A
009012,平安创业板ETF联接A
020273,富国中证细分化工产业主题ETF发起式联接A
020274,富国中证细分化工产业主题ETF发起式联接C
019404,华夏中证全指运输ETF发起式联接A
512970,平安粤港澳大湾区ETF
008916,华夏中证浙江国资创新发展ETF联接A
019405,华夏中证全指运输ETF发起式联接C
561060,华安中证国有企业红利ETF
159869,华夏中证动漫游戏ETF
562320,银华沪深300价值ETF
512910,广发中证100ETF
159515,鹏扬中证国有企业红利ETF
005391,工银创业板ETF联接C
019891,华夏中证2000ETF发起式联接A
019892,华夏中证2000ETF发起式联接C
012712,建信沪深300红利ETF联接A
018732,华夏中证智选1000价值稳健策略ETF发起式联接A
011320,国泰上证综合ETF联接C
159555,银华中证2000增强ETF
510980,汇添富上证综合ETF
018733,华夏中证智选1000价值稳健策略ETF发起式联接C
159571,富国创业板中盘200ETF
004432,南方有色金属ETF联接A
003766,广发创业板ETF联接C
159520,工银中证消费龙头ETF
019254,大成深证成长40ETF联接C
008899,国寿创精选88ETF联接C
019870,华泰柏瑞中证2000ETF发起式联接A
159669,国泰国证绿色电力ETF
019871,华泰柏瑞中证2000ETF发起式联接C
007223,工银中证500ETF联接C
159575,银华创业板中盘200ETF
016185,广发中证全指电力ETF发起式联接A
018034,国泰国证绿色电力ETF发起联接A
561780,博时中证1000增强ETF
516010,国泰中证动漫游戏ETF
007339,易方达沪深300ETF联接C
008917,华夏中证浙江国资创新发展ETF联接C
019066,博时央创ETF联接E
018035,国泰国证绿色电力ETF发起联接C
012713,建信沪深300红利ETF联接C
159541,万家创业板综合ETF
016440,华夏中证红利质量ETF发起联接A
588700,嘉实上证科创板生物医药ETF
016186,广发中证全指电力ETF发起式联接C
588290,华安上证科创板芯片ETF
159871,银华中证有色金属ETF
009013,平安创业板ETF联接C
018734,华夏中证绿色电力ETF发起式联接A
560590,鹏华中证1000增强ETF
020110,富国恒生港股通医疗保健ETF发起式联接A
008590,天弘中证全指证券公司ETF联接A
561580,华泰柏瑞中证中央企业红利ETF
020111,富国恒生港股通医疗保健ETF发起式联接C
562350,银华中证全指电力公用事业ETF
018735,华夏中证绿色电力ETF发起式联接C
512580,广发中证环保ETF
016441,华夏中证红利质量ETF发起联接C
159150,易方达深证50ETF
020289,国泰中证机器人ETF发起联接A
020290,国泰中证机器人ETF发起联接C
019087,工银中证稀有金属主题ETF发起式联接A
019831,华夏中证智选300价值稳健策略ETF发起式联接A
159350,富国深证50ETF
019832,华夏中证智选300价值稳健策略ETF发起式联接C
019088,工银中证稀有金属主题ETF发起式联接C
515630,鹏华中证800证保ETF
560580,南方中证全指电力公用事业ETF
561280,工银中证1000增强策略ETF
561790,博时中证国新央企现代能源ETF
016788,万家国证2000ETF发起联接A
515800,添富中证800ETF
562850,嘉实中证国新央企现代能源ETF
159522,景顺长城国证2000ETF
019324,易方达中证生物科技主题ETF发起式联接A
159503,鹏扬国证财富管理ETF
159680,招商中证1000增强策略ETF
019325,易方达中证生物科技主题ETF发起式联接C
007531,华宝券商ETF联接C
562600,华夏中证全指医疗器械ETF
001344,易方达医药ETF联接A
018300,华夏国证消费电子主题ETF发起式联接A
159805,鹏华中证传媒ETF
561700,博时中证全指电力公用事业ETF
561260,工银瑞信中证国新央企现代能源ETF
560030,汇添富中证800价值ETF
016789,万家国证2000ETF发起联接C
008390,国联安沪深300ETF联接A
018301,华夏国证消费电子主题ETF发起式联接C
016437,银华巨潮小盘价值ETF联接C
008591,天弘中证全指证券公司ETF联接C
007076,汇添富中证医药ETF联接A
004345,南方深证成份ETF联接C
017573,华夏中证机床ETF发起式联接A
159661,嘉实中证100ETF
004409,招商深证TMT50ETF联接C
159521,平安国证2000ETF
017559,华安上证科创板芯片ETF发起式联接A
515290,天弘中证银行ETF
159677,银华中证1000增强策略ETF
019236,广发国证通信ETF发起式联接A
017610,华夏恒生中国内地企业高股息率ETF发起式联接A
017574,华夏中证机床ETF发起式联接C
019237,广发国证通信ETF发起式联接C
512400,南方中证申万有色金属ETF
515310,添富沪深300ETF
017560,华安上证科创板芯片ETF发起式联接C
019817,广发创业板ETF发起式联接E
008391,国联安沪深300ETF联接C
007817,国泰中证全指通信设备ETF联接A
017611,华夏恒生中国内地企业高股息率ETF发起式联接C
159939,广发中证全指信息技术ETF
007873,华宝科技ETF联接A
019279,嘉实中证大农业ETF发起联接A
159697,鹏华国证石油天然气ETF
159505,博时国证2000ETF
019280,嘉实中证大农业ETF发起联接C
004433,南方有色金属ETF联接C
159880,鹏华国证有色金属行业ETF
515880,国泰中证全指通信设备ETF
159572,易方达创业板中盘200ETF
513960,博时中证港股通消费主题ETF
563330,华泰柏瑞中证A股ETF
019452,南方中证全指医疗保健设备与服务ETF发起联接A
159845,华夏中证1000ETF
159573,华夏创业板中盘200ETF
159948,南方创业板ETF
019453,南方中证全指医疗保健设备与服务ETF发起联接C
018896,易方达中证消费电子主题ETF联接发起式A
018897,易方达中证消费电子主题ETF联接发起式C
159508,华安国证生物医药ETF
510020,博时上证超大盘ETF
560090,汇添富中证全指证券公司ETF
510350,工银瑞信沪深300ETF
560950,汇添富中证500增强策略ETF
561960,招商中证国新央企股东回报ETF
017471,国泰中证机床ETF发起联接A
513600,南方恒指ETF
019259,国泰富时中国国企开放共赢ETF发起联接A
560260,广发中证医疗ETF
017472,国泰中证机床ETF发起联接C
019269,国泰富时中国国企开放共赢ETF发起联接C
007818,国泰中证全指通信设备ETF联接C
018395,招商中证全指医疗器械ETF发起式联接A
007077,汇添富中证医药ETF联接C
510710,博时上证50ETF
510390,平安沪深300ETF
002984,广发中证环保ETF联接C
012590,易方达中证全指证券公司ETF联接A
159692,证券ETF东财
562330,银华中证500价值ETF
018396,招商中证全指医疗器械ETF发起式联接C
561120,富国中证全指家用电器ETF
012700,易方达中证全指证券公司ETF联接C
510380,国寿安保沪深300ETF
007874,华宝科技ETF联接C
159543,工银国证2000ETF
007910,大成有色金属期货ETF联接A
516300,华泰柏瑞中证1000ETF
560700,广发中证国新央企股东回报ETF
159559,景顺长城国证机器人产业ETF
016572,招商中证银行AH价格优选ETF发起式联接A
512720,国泰中证计算机ETF
007135,广发中证100ETF联接A
017778,浦银安盛中证证券公司30ETF联接A
560070,汇添富中证国新央企股东回报ETF
159628,万家国证2000ETF
016573,招商中证银行AH价格优选ETF发起式联接C
017779,浦银安盛中证证券公司30ETF联接C
004069,南方中证全指证券公司ETF联接A
050013,博时上证超大盘ETF联接
007136,广发中证100ETF联接C
512680,广发中证军工ETF
019315,易方达中证新能源ETF联接发起式A
513190,华夏中证港股通内地金融ETF
019316,易方达中证新能源ETF联接发起式C
588100,嘉实上证科创板新一代信息技术ETF
560300,汇添富中证电信主题ETF
515390,华安沪深300ETF
159630,汇添富中证100ETF
159690,招商中证有色金属矿业主题ETF
000948,华夏沪港通恒生ETF联接A
516150,嘉实中证稀土产业ETF
019632,国泰中证半导体材料设备主题ETF发起联接A
015282,华安恒生科技ETF发起式联接(QDII)A
019633,国泰中证半导体材料设备主题ETF发起联接C
007911,大成有色金属期货ETF联接C
159881,国泰中证有色金属ETF
588260,华安上证科创板新一代信息技术ETF
007883,易方达医药ETF联接C
516950,银华中证基建ETF
002656,南方创业板ETF联接A
516210,华安中证银行ETF
019866,国泰上证科创板100ETF发起联接A
159517,银华中证800增强ETF
515330,天弘沪深300ETF
019867,国泰上证科创板100ETF发起联接C
015283,华安恒生科技ETF发起式联接(QDII)C
560780,广发中证半导体材料设备主题ETF
005727,嘉实中创400ETF联接C
004348,南方中证500ETF联接C
159993,鹏华国证证券龙头ETF
516620,国泰中证影视主题ETF
560330,申万菱信沪深300价值ETF
501047,汇添富中证全指证券公司ETF联接(LOF)A
019861,鹏华上证科创100ETF联接A
019862,鹏华上证科创100ETF联接C
517900,招商中证银行AH价格优选ETF
018167,国泰中证有色金属矿业主题ETF发起联接A
019167,易方达中证物联网主题ETF联接发起式A
014983,华安中证银行ETF联接C
015761,银华中证基建ETF发起式联接A
018168,国泰中证有色金属矿业主题ETF发起联接C
501048,汇添富中证全指证券公司ETF联接(LOF)C
159611,广发中证全指电力公用事业ETF
019168,易方达中证物联网主题ETF联接发起式C
019975,华夏中证物联网主题ETF发起式联接A
019102,景顺长城恒生消费ETF联接(QDII)A
019976,华夏中证物联网主题ETF发起式联接C
019103,景顺长城恒生消费ETF联接(QDII)C
516650,华夏细分有色金属产业主题ETF
013286,富国上证指数ETF联接C
019666,易方达中证创新药产业ETF联接发起式A
019667,易方达中证创新药产业ETF联接发起式C
018061,汇添富中证上海国企ETF联接C
159811,博时中证5G产业50ETF
004070,南方中证全指证券公司ETF联接C
016707,华夏中证细分有色金属产业主题ETF发起联接A
013308,易方达恒生科技ETF联接(QDII)A
015762,银华中证基建ETF发起式联接C
512660,国泰中证军工ETF
019105,博时创业板ETF联接E
513260,汇添富恒生科技ETF(QDII)
588120,国泰上证科创板100ETF
019857,博时上证科创板100ETF联接A
018557,易方达港股通医药ETF联接A
019858,博时上证科创板100ETF联接C
014414,招商中证畜牧养殖ETF联接A
516910,富国中证现代物流ETF
560680,广发中证主要消费ETF
159663,华夏中证机床ETF
018558,易方达港股通医药ETF联接C
588190,银华上证科创板100ETF
016708,华夏中证细分有色金属产业主题ETF发起联接C
588220,鹏华上证科创板100ETF
019859,银华上证科创板100ETF联接A
159551,国泰中证机器人ETF
019860,银华上证科创板100ETF联接C
588900,南方上证科创板100ETF
159506,富国恒生港股通医疗保健ETF
515790,华泰柏瑞中证光伏产业ETF
561330,国泰中证有色金属矿业主题ETF
513140,华泰柏瑞中证香港300金融服务ETF(QDII)
013309,易方达恒生科技ETF联接(QDII)C
561590,华泰柏瑞中证1000增强策略ETF
588030,博时上证科创板100ETF
019785,广发上证科创板成长ETF发起式联接A
019786,广发上证科创板成长ETF发起式联接C
159667,国泰中证机床ETF
562520,华夏中证智选1000成长创新策略ETF
014415,招商中证畜牧养殖ETF联接C
020226,国泰中证全指集成电路ETF发起联接A
020227,国泰中证全指集成电路ETF发起联接C
562590,华夏中证半导体材料设备主题ETF
159863,鹏华中证光伏产业ETF
015906,兴业沪深300ETF发起联接A
513750,广发中证港股通非银ETF
561980,招商中证半导体产业ETF
018489,万家中证工业有色金属主题ETF发起式联接A
159670,国联安中证消费50ETF
015907,兴业沪深300ETF发起联接C
159546,国泰中证全指集成电路ETF
018490,万家中证工业有色金属主题ETF发起式联接C
515380,泰康沪深300ETF
561950,招商中证500增强策略ETF
018721,华夏中证港股通50ETF发起式联接A
018722,华夏中证港股通50ETF发起式联接C
159635,华夏中证基建ETF
016917,南方中证上海环交所碳中和ETF联接A
019141,易方达中证电信主题ETF联接发起式A
003017,广发中证军工ETF联接A
019142,易方达中证电信主题ETF联接发起式C
016891,鹏华中证中药ETF联接A
561000,华安沪深300增强策略ETF
159662,南方国证交通运输行业ETF
016918,南方中证上海环交所碳中和ETF联接C
020108,富国国证信息技术创新主题ETF发起式联接A
020109,富国国证信息技术创新主题ETF发起式联接C
000076,华夏恒生ETF联接现钞
000075,华夏恒生ETF联接现汇
019071,嘉实国证通信ETF发起联接A
016892,鹏华中证中药ETF联接C
019072,嘉实国证通信ETF发起联接C
018905,国泰中证内地运输主题ETF发起联接A
018906,国泰中证内地运输主题ETF发起联接C
159807,易方达中证科技50ETF
159627,华夏中证100ETF
516190,华夏中证文娱传媒ETF
007839,汇添富中证长三角ETF联接A
019330,华泰柏瑞中证沪港深云计算产业ETF发起式联接A
020278,国泰国证信息技术创新主题ETF发起联接A
561180,富国中证100ETF
020279,国泰国证信息技术创新主题ETF发起联接C
019331,华泰柏瑞中证沪港深云计算产业ETF发起式联接C
588020,易方达上证科创板成长ETF
019171,天弘中证沪港深云计算产业ETF发起联接A
159678,博时中证500增强策略ETF
159695,嘉实国证通信ETF
563030,易方达中证500增强策略ETF
018078,南方恒生香港上市生物科技ETF发起联接(QDII)A
019170,天弘中证沪港深云计算产业ETF发起联接C
018079,南方恒生香港上市生物科技ETF发起联接(QDII)C
159510,华夏中证智选300价值稳健策略ETF
159970,工银瑞信深证100ETF
017140,华宝中证有色金属ETF发起式联接A
588110,广发上证科创板成长ETF
159887,富国中证800银行ETF
159658,华安中证数字经济主题ETF
512570,易方达中证全指证券公司ETF
019313,易方达中证港股通互联网ETF发起式联接A
159776,银华中证港股通医药卫生综合ETF
014994,国泰上证180金融ETF联接C
516780,华泰柏瑞中证稀土产业ETF
019314,易方达中证港股通互联网ETF发起式联接C
515530,泰康中证500ETF
017141,华宝中证有色金属ETF发起式联接C
159888,华夏中证智能汽车主题ETF
017469,嘉实上证科创板芯片ETF发起联接A
159673,鹏华沪深300ETF
007840,汇添富中证长三角ETF联接C
016893,工银中证上海环交所碳中和ETF联接A
016894,工银中证上海环交所碳中和ETF联接C
005102,工银沪深300ETF联接A
561010,华安中证全指软件开发ETF
516310,易方达中证银行ETF
159698,鹏华国证粮食产业ETF
159848,国联安中证全指证券公司ETF
017470,嘉实上证科创板芯片ETF发起联接C
512880,国泰中证全指证券公司ETF
019868,华夏中证云计算与大数据主题ETF发起式联接A
019869,华夏中证云计算与大数据主题ETF发起式联接C
159944,广发中证全指原材料ETF
019897,富国中证沪港深创新药产业ETF发起式联接A
016495,景顺长城中证港股通科技ETF发起联接A
019898,富国中证沪港深创新药产业ETF发起式联接C
005658,华夏沪深300ETF联接C
159820,天弘中证500ETF
014564,天弘恒生沪深港创新药精选50ETF发起联接A
588210,易方达上证科创板100ETF
159798,易方达中证消费50ETF
513380,广发恒生科技(QDII-ETF)
016633,富国中证1000ETF联接A
159666,华夏中证全指运输ETF
018336,华夏恒生中国企业ETF发起式联接(QDII)A
016634,富国中证1000ETF联接C
512900,南方中证全指证券公司ETF
018337,华夏恒生中国企业ETF发起式联接(QDII)C
159976,工银粤港澳大湾区创新100ETF
515070,华夏中证人工智能主题ETF
014565,天弘恒生沪深港创新药精选50ETF发起联接C
016496,景顺长城中证港股通科技ETF发起联接C
159685,天弘中证1000增强ETF
159622,创新药ETF沪港深
012547,南方银行ETF联接E
588880,华泰柏瑞上证科创板100ETF
588800,华夏上证科创板100ETF
516860,博时金融科技ETF
159523,华夏中证智选300成长创新策略ETF
005103,工银沪深300ETF联接C
018344,华夏中证机器人ETF发起式联接A
015787,鹏扬中证数字经济主题ETF发起联接A
159885,鹏华中证内地低碳经济主题ETF
012663,国寿安保沪港深300ETF联接A
159679,国泰中证1000增强策略ETF
159940,广发中证全指金融地产ETF
017557,华夏中证沪港深500ETF发起式联接A
019061,易方达中证软件服务ETF联接发起式A
516980,华富中证证券公司先锋策略ETF
012664,国寿安保沪港深300ETF联接C
018345,华夏中证机器人ETF发起式联接C
015310,华泰柏瑞恒生科技ETF联接(QDII)A
016968,兴业中证500ETF发起式联接A
019062,易方达中证软件服务ETF联接发起式C
159686,易方达中证100ETF
019670,广发中证香港创新药ETF发起式联接(QDII)A
018482,鹏华创业板50ETF联接A
019671,广发中证香港创新药ETF发起式联接(QDII)C
016007,招商中证消费电子主题ETF联接A
016969,兴业中证500ETF发起式联接C
018483,鹏华创业板50ETF联接C
159683,嘉实中证内地运输主题ETF
016008,招商中证消费电子主题ETF联接C
159861,国泰中证环保产业50ETF
017558,华夏中证沪港深500ETF发起式联接C
560100,南方中证500增强策略ETF
017604,华夏中证生物科技主题ETF发起式联接A
016357,易方达中证长江保护主题ETF联接发起式A
015788,鹏扬中证数字经济主题ETF发起联接C
015311,华泰柏瑞恒生科技ETF联接(QDII)C
563010,易方达中证电信主题ETF
005733,华夏上证50ETF联接C
017605,华夏中证生物科技主题ETF发起式联接C
016358,易方达中证长江保护主题ETF联接发起式C
512650,添富中证长三角ETF
014984,华安中证全指证券公司ETF联接C
018577,摩根恒生科技ETF发起式联接(QDII)A
515670,中银中证100ETF
018578,摩根恒生科技ETF发起式联接(QDII)C
513040,易方达中证港股通互联网ETF
013477,华宝中证金融科技主题ETF发起式联接A
159665,工银瑞信国证半导体芯片ETF
019598,平安中证港股医药ETF联接A
017161,汇添富中证1000ETF联接A
016938,南方中证长江保护主题ETF联接A
019599,平安中证港股医药ETF联接C
516070,易方达中证内地低碳经济ETF
017632,汇添富中证全指医疗器械ETF发起式联接A
001051,华夏上证50ETF联接A
009374,浦银安盛MSCI中国A股ETF联接A
159653,国联安国证ESG300ETF
017162,汇添富中证1000ETF联接C
016939,南方中证长江保护主题ETF联接C
516520,华泰柏瑞中证智能汽车主题ETF
017634,汇添富中证全指医疗器械ETF发起式联接D
159645,富国国证疫苗与生物科技ETF
008086,华夏中证5G通信主题ETF联接A
016887,富国中证上海环交所碳中和ETF联接A
159995,华夏国证半导体芯片ETF
017633,汇添富中证全指医疗器械ETF发起式联接C
013478,华宝中证金融科技主题ETF发起式联接C
159516,国泰中证半导体材料设备主题ETF
018334,华夏中证智选1000成长创新策略ETF发起式联接A
016888,富国中证上海环交所碳中和ETF联接C
159797,汇添富中证全指医疗器械ETF
014519,博时恒生高股息率ETF发起式联接A
018335,华夏中证智选1000成长创新策略ETF发起式联接C
014689,国泰中证港股通50ETF发起联接A
159711,华夏中证港股通50ETF
159540,易方达国证信息技术创新主题ETF
159726,华夏恒生中国内地企业高股息率ETF
008749,富国中证科技50策略ETF联接A
159538,富国国证信息技术创新主题ETF
516200,华安中证全指证券公司ETF
560900,摩根中证创新药产业ETF
561320,国泰中证内地运输主题ETF
513320,易方达恒生港股通新经济ETF
159801,广发国证半导体芯片ETF
009375,浦银安盛MSCI中国A股ETF联接C
560180,南方沪深300ESG基准ETF
159619,国泰中证基建ETF
159699,广发恒生消费(QDII-ETF)
014690,国泰中证港股通50ETF发起联接C
512100,南方中证1000ETF
014880,天弘中证机器人ETF发起联接A
011964,泰康中证500ETF联接A
202017,南方深证成份ETF联接A
014520,博时恒生高股息率ETF发起式联接C
014881,天弘中证机器人ETF发起联接C
008087,华夏中证5G通信主题ETF联接C
512000,华宝券商ETF
159842,银华中证全指证券公司ETF
159621,国泰MSCI中国A股ESG通用ETF
159758,华夏中证红利质量ETF
018315,易方达中证装备产业ETF联接发起式A
159560,景顺长城中证芯片产业ETF
588460,鹏华上证科创板50成份增强策略ETF
159537,国泰国证信息技术创新主题ETF
515050,华夏中证5G通信主题ETF
018316,易方达中证装备产业ETF联接发起式C
018103,易方达中证港股通消费主题ETF发起式联接A
011965,泰康中证500ETF联接C
159539,广发国证信息技术创新主题ETF
159890,招商中证云计算ETF
018104,易方达中证港股通消费主题ETF发起式联接C
018864,广发中证传媒ETF联接E
008944,摩根MSCI中国A股ETF联接A
561920,招商中证疫苗与生物技术ETF
008750,富国中证科技50策略ETF联接C
017855,华夏中证石化产业ETF发起式联接A
516100,华夏中证金融科技主题ETF
014632,华安中证电子50ETF发起式联接A
159730,博时国证龙头家电ETF
017856,华夏中证石化产业ETF发起式联接C
008945,摩根MSCI中国A股ETF联接C
159855,银华中证影视主题ETF
014633,华安中证电子50ETF发起式联接C
090012,大成深证成长40ETF联接A
159997,天弘中证电子ETF
561550,华泰柏瑞中证500增强策略ETF
017862,华夏中证100ETF发起式联接A
007842,南华中证杭州湾区ETF联接A
516510,易方达中证云计算ETF
017907,汇添富中证上海环交所碳中和ETF发起式联接A
017863,华夏中证100ETF发起式联接C
016630,易方达中证1000ETF联接A
017908,汇添富中证上海环交所碳中和ETF发起式联接C
159631,招商中证100ETF
516800,华宝中证智能制造ETF
513070,易方达中证港股通消费主题ETF
510570,兴业中证500ETF
016631,易方达中证1000ETF联接C
562030,华宝中证信息技术应用创新产业ETF
560110,汇添富中证1000ETF
159788,易方达中证港股通中国100ETF
017832,华夏中证港股通消费主题ETF发起式联接A
517770,浦银安盛中证沪港深游戏及文化传媒ETF
013922,华夏中证1000ETF发起式联接A
159906,大成深证成长40ETF
517990,招商中证沪港深500医药卫生ETF
012733,易方达中证人工智能主题ETF联接A
017833,华夏中证港股通消费主题ETF发起式联接C
159813,鹏华国证半导体芯片ETF
159620,华夏中证智选500成长创新策略ETF
015894,平安中证消费电子主题ETF发起式联接A
012734,易方达中证人工智能主题ETF联接C
012724,国泰中证畜牧养殖ETF联接A
012362,国泰中证全指证券公司ETF联接A
007843,南华中证杭州湾区ETF联接C
017853,易方达中证云计算与大数据主题ETF联接发起式A
008926,泰康沪深300ETF联接A
159633,易方达中证1000ETF
013923,华夏中证1000ETF发起式联接C
017937,易方达中证医疗ETF联接发起式A
017854,易方达中证云计算与大数据主题ETF联接发起式C
016897,广发中证上海环交所碳中和ETF发起式联接A
012151,华泰柏瑞中证港股通50ETF联接A
515960,嘉实医药健康100ETF
015895,平安中证消费电子主题ETF发起式联接C
560500,鹏扬中证500质量成长ETF
017938,易方达中证医疗ETF联接发起式C
012725,国泰中证畜牧养殖ETF联接C
159743,博时湖北新旧动能转换ETF
016898,广发中证上海环交所碳中和ETF发起式联接C
012152,华泰柏瑞中证港股通50ETF联接C
012363,国泰中证全指证券公司ETF联接C
159507,广发国证通信ETF
010432,广发国证2000ETF联接C
516090,易方达中证新能源ETF
016899,易方达中证上海环交所碳中和ETF联接A
017683,华夏中证基建ETF发起式联接A
159629,富国中证1000ETF
013833,国泰中证500ETF发起联接A
560010,广发中证1000ETF
014979,华安上证180ETF联接C
516630,华夏中证云计算ETF
017684,华夏中证基建ETF发起式联接C
016900,易方达中证上海环交所碳中和ETF联接C
159652,汇添富中证细分有色金属产业主题ETF
015876,富国中证消费电子主题ETF发起式联接A
012596,汇添富中证800ETF联接A
012973,国泰800汽车与零部件ETF联接A
516330,华泰柏瑞中证物联网主题ETF
008927,泰康沪深300ETF联接C
015877,富国中证消费电子主题ETF发起式联接C
018058,汇添富深证300ETF联接C
014406,富国中证新华社民族品牌工程ETF联接A
517760,浦银安盛中证沪港深消费龙头ETF
013834,国泰中证500ETF发起联接C
012597,汇添富中证800ETF联接C
159903,南方深证成份ETF
014407,富国中证新华社民族品牌工程ETF联接C
014980,华安上证50ETF联接C
561350,国泰中证500ETF
588370,南方上证科创板50成份增强策略ETF
159657,鹏华国证疫苗与生物科技ETF
515560,建信中证全指证券公司ETF
159712,国泰中证港股通50ETF
018411,易方达中证芯片产业ETF联接发起式A
012974,国泰800汽车与零部件ETF联接C
016952,鹏华中证港股通消费ETF联接A
516590,易方达中证智能电动汽车ETF
562000,华宝中证100ETF
159841,天弘中证全指证券公司ETF
016970,华夏恒生香港上市生物科技ETF发起联接(QDII)A
018412,易方达中证芯片产业ETF联接发起式C
008827,建信易盛郑商所能源化工期货ETF联接A
001455,景顺长城中证500ETF联接
012801,富国中证医药50ETF联接A
016953,鹏华中证港股通消费ETF联接C
159511,南方中证通信服务ETF
513560,兴银中证港股通科技ETF
008052,工银湾创100ETF联接A
012802,富国中证医药50ETF联接C
562380,银华中证国新央企科技引领ETF
016971,华夏恒生香港上市生物科技ETF发起联接(QDII)C
563050,易方达中证国新央企科技引领ETF
560860,万家中证工业有色金属主题ETF
012928,银华中证光伏ETF发起式联接A
159672,博时主要消费ETF
159689,南方中证主要消费ETF
562860,嘉实中证疫苗与生物技术ETF
008776,华安沪深300ETF联接A
515250,富国中证智能汽车主题ETF
159739,鹏华中证云计算与大数据主题ETF
012929,银华中证光伏ETF发起式联接C
008828,建信易盛郑商所能源化工期货ETF联接C
017185,国泰国证疫苗与生物科技ETF发起联接A
159992,银华中证创新药产业ETF
017186,国泰国证疫苗与生物科技ETF发起联接C
159791,华夏沪深300ESG基准ETF
159738,华泰柏瑞中证沪港深云计算产业ETF
502056,广发中证医疗ETF联接(LOF)A
008777,华安沪深300ETF联接C
008053,工银湾创100ETF联接C
017996,万家沪深300成长ETF发起式联接A
000950,易方达证券保险ETF联接A
018027,嘉实中证高端装备细分50ETF发起联接A
012645,建信中证全指证券公司ETF联接A
017997,万家沪深300成长ETF发起式联接C
560650,民生加银中证企业核心竞争力50ETF
018028,嘉实中证高端装备细分50ETF发起联接C
008887,华夏国证半导体芯片ETF联接A
012655,博时5G50ETF联接A
516530,银华中证现代物流ETF
512330,南方中证500信息技术ETF
562900,易方达中证现代农业主题ETF
560170,南方中证国新央企科技引领ETF
159872,鹏华中证车联网主题ETF
013218,国泰中证有色金属ETF发起联接A
159824,博时新能源汽车ETF
516730,浦银安盛中证证券公司30ETF
012646,建信中证全指证券公司ETF联接C
516850,华夏中证新能源ETF
159676,富国创业板增强策略ETF
007882,易方达证券保险ETF联接C
012658,博时5G50ETF联接C
013219,国泰中证有色金属ETF发起联接C
008888,华夏国证半导体芯片ETF联接C
159606,易方达中证500质量成长ETF
513120,广发中证香港创新药ETF(QDII)
159827,银华中证农业主题ETF
516560,华宝中证养老产业ETF
015740,国泰中证港股通科技ETF发起联接C
517960,摩根中证沪港深科技100ETF
015739,国泰中证港股通科技ETF发起联接A
159889,国泰中证智能汽车主题ETF
560660,新华中证云计算50ETF
513970,景顺长城恒生消费ETF(QDII)
562920,易方达中证信息安全主题ETF
512320,工银MSCI中国ETF
013444,建信上证50ETF发起联接E
562360,银华中证机器人ETF
159623,博时成渝经济圈ETF
159646,华泰柏瑞国证疫苗与生物科技ETF
159675,嘉实创业板增强策略ETF
159717,鹏华国证ESG300ETF
159857,天弘中证光伏产业ETF
517030,易方达中证沪港深300ETF
513200,易方达中证港股通医药卫生综合ETF
159615,南方恒生香港上市生物科技ETF(QDII)
159610,景顺中证500增强策略ETF
501302,南方恒指ETF联接(LOF)A
513690,博时恒生高股息ETF
003194,汇添富中证上海国企ETF联接A
017125,华宝中证港股通互联网ETF发起联接A
014534,南方MSCI中国A50互联互通ETF联接A
015878,富国中证农业主题ETF联接A
159795,汇添富中证智能汽车主题ETF
016077,华夏中证农业主题ETF发起联接A
510990,工银瑞信中证180ESGETF
017126,华宝中证港股通互联网ETF发起联接C
015879,富国中证农业主题ETF联接C
159643,国泰国证疫苗与生物科技ETF
516880,银华中证光伏产业ETF
516180,平安中证光伏产业ETF
517880,华泰柏瑞中证品牌消费50ETF
016078,华夏中证农业主题ETF发起联接C
014535,南方MSCI中国A50互联互通ETF联接C
013502,易方达中证内地低碳经济主题ETF联接A
159949,华安创业板50ETF
517850,汇添富中证沪港深张江自主创新50ETF
012275,富国中证沪港深500ETF联接A
517010,易方达中证沪港深500ETF
159656,万家沪深300成长ETF
516720,浦银安盛中证ESG120策略ETF
013503,易方达中证内地低碳经济主题ETF联接C
561710,博时中证疫苗与生物技术ETF
588320,广发中证科创创业50增强策略ETF
159943,大成深证成份ETF
001592,天弘创业板ETF联接基金A
512510,华泰柏瑞中证500ETF
012276,富国中证沪港深500ETF联接C
510370,兴业沪深300ETF
159736,天弘中证食品饮料ETF
513280,汇添富恒生香港上市生物科技ETF(QDII)
013893,国联安上证科创50ETF联接A
013011,工银中证创新药产业ETF发起式联接A
517390,天弘中证沪港深云计算产业ETF
013012,工银中证创新药产业ETF发起式联接C
159636,工银瑞信国证港股通科技30ETF
159681,鹏华创业板50ETF
005223,广发中证基建工程ETF联接A
013894,国联安上证科创50ETF联接C
010183,南方创业板ETF联接E
516660,华安中证新能源汽车ETF
513990,招商上证港股通ETF
510900,易方达恒生国企ETF
017949,景顺长城创业板50ETF联接A
560960,摩根中证碳中和60ETF
515980,华富中证人工智能产业ETF
562510,华夏中证旅游主题ETF
017950,景顺长城创业板50ETF联接C
001593,天弘创业板ETF联接基金C
159825,富国中证农业主题ETF
516700,华宝大数据ETF
516130,华宝中证消费龙头ETF
005224,广发中证基建工程ETF联接C
159682,景顺长城创业板50ETF
013125,华夏中证细分食品饮料产业主题ETF发起式联接A
516000,华夏中证大数据产业ETF
159618,华安中证光伏产业ETF
561990,招商沪深300增强策略ETF
159616,建信中证农牧主题ETF
159766,富国中证旅游主题ETF
001064,广发中证环保ETF联接A
516810,华夏中证农业主题ETF
588350,鹏扬中证科创创业50ETF
159613,嘉实中证信息安全主题ETF
013126,华夏中证细分食品饮料产业主题ETF发起式联接C
513900,华安CES港股通ETF
159886,富国细分机械设备产业主题ETF
159603,天弘中证科创创业50ETF
001214,华泰柏瑞中证500ETF联接A
159810,浦银安盛创业板ETF
012857,汇添富中证主要消费ETF联接C
010524,银华中证5G通信主题ETF联接C
014528,汇添富MSCI中国A50互联互通ETF联接A
159998,天弘中证计算机ETF
005734,华夏沪港通恒生ETF联接C
160224,国泰中证计算机主题ETF联接A
516670,招商中证畜牧养殖ETF
004752,广发中证传媒ETF联接A
013447,华宝中证智能制造主题ETF发起式联接A
012636,国泰中证全指软件ETF联接A
014529,汇添富MSCI中国A50互联互通ETF联接C
159671,工银瑞信中证稀有金属主题ETF
560990,中金中证科技先锋ETF
159770,天弘中证机器人ETF
110031,易方达恒生国企ETF联接A
004753,广发中证传媒ETF联接C
517660,天弘中证沪港深物联网主题ETF
018385,招商中证全指软件ETF发起式联接A
513890,摩根恒生科技ETF(QDII)
013448,华宝中证智能制造主题ETF发起式联接C
005813,华安CES港股通ETF联接A
012637,国泰中证全指软件ETF联接C
513550,华泰柏瑞中证港股通50ETF
159728,南方国证在线消费ETF
018386,招商中证全指软件ETF发起式联接C
005814,华安CES港股通ETF联接C
014532,易方达MSCI中国A50互联互通ETF联接A
159638,嘉实中证高端装备细分50ETF
159862,银华中证细分食品饮料产业主题ETF
561900,招商沪深300ESG基准ETF
014906,国泰中证消费电子主题ETF发起联接A
014533,易方达MSCI中国A50互联互通ETF联接C
014438,博时恒生科技ETF发起式联接(QDII)A
013415,永赢中证全指医疗器械ETF发起联接A
516830,富国沪深300ESG基准ETF
512980,广发中证传媒ETF
562310,银华沪深300成长ETF
012717,易方达中证科技50ETF联接A
014424,博时恒生医疗保健ETF发起式联接(QDII)A
014907,国泰中证消费电子主题ETF发起联接C
159709,工银瑞信深证物联网50ETF
159688,华安恒生互联网科技业ETF(QDII)
013416,永赢中证全指医疗器械ETF发起联接C
562500,华夏中证机器人ETF
014425,博时恒生医疗保健ETF发起式联接(QDII)C
516960,国泰细分机械设备产业主题ETF
516760,平安中证畜牧养殖ETF
012516,国泰中证细分机械设备产业主题ETF联接A
012718,易方达中证科技50ETF联接C
516750,富国中证全指建筑材料ETF
014530,华夏MSCI中国A50互联互通ETF发起式联接A
014439,博时恒生科技ETF发起式联接(QDII)C
018031,华安中证数字经济主题ETF发起式联接A
159641,招商中证上海环交所碳中和ETF
018032,华安中证数字经济主题ETF发起式联接C
159960,平安港股通恒生中国企业ETF
562010,华宝中证绿色能源ETF
159895,易方达中证物联网主题ETF
159642,大成中证上海环交所碳中和ETF
159787,易方达中证全指建筑材料ETF
012517,国泰中证细分机械设备产业主题ETF联接C
513160,银华恒生港股通中国科技ETF
159994,银华中证5G通信主题ETF
516570,易方达中证石化产业ETF
014531,华夏MSCI中国A50互联互通ETF发起式联接C
159786,银华中证虚拟现实主题ETF
516320,华夏中证装备产业ETF
012503,国泰中证环保产业50ETF联接A
515400,富国中证大数据产业ETF
562930,易方达中证软件服务ETF
515230,国泰中证全指软件ETF
012548,华宝中证细分食品饮料产业主题ETF联接A
159708,西部利得深证红利ETF
517360,华安中证沪港深科技100ETF
513150,华泰柏瑞港股通科技ETF
159836,天弘创业板300ETF
012549,华宝中证细分食品饮料产业主题ETF联接C
012504,国泰中证环保产业50ETF联接C
159819,易方达中证人工智能主题ETF
018134,富国中证大数据产业ETF发起式联接A
018135,富国中证大数据产业ETF发起式联接C
159725,工银瑞信中证线上消费ETF
159814,西部利得创业板大盘ETF
517170,华夏中证沪港深500ETF
561300,国泰沪深300增强策略ETF
159808,融通创业板ETF
010210,国泰中证计算机主题ETF联接C
159852,嘉实中证软件服务ETF
562990,易方达中证上海环交所碳中和ETF
517280,天弘中证沪港深线上消费主题ETF
516260,华夏中证物联网主题ETF
561190,富国中证上海环交所碳中和ETF
159601,华夏MSCI中国A50互联互通ETF
515060,华夏中证全指房地产ETF
159639,南方中证上海环交所碳中和ETF
561130,富国中证新华社民族品牌工程ETF
563000,易方达MSCI中国A50互联互通ETF
017222,富国中证电池主题ETF发起式联接A
012759,工银沪港深互联网ETF发起式联接A
159640,工银瑞信中证上海环交所碳中和ETF
159602,南方MSCI中国A50互联互通ETF
560050,汇添富MSCI中国A50互联互通ETF
017223,富国中证电池主题ETF发起式联接C
012760,工银沪港深互联网ETF发起式联接C
008088,华夏中证全指房地产ETF联接A
560550,广发中证上海环交所碳中和ETF
516360,华宝新材料ETF
560060,汇添富中证上海环交所碳中和ETF
517550,招商中证沪港深消费龙头ETF
005659,南方恒指ETF联接C
513020,国泰中证港股通科技ETF
159843,招商国证食品饮料ETF
159867,鹏华中证畜牧养殖ETF
011035,嘉实中证稀土产业ETF联接A
006381,华夏恒生ETF联接C
517100,富国中证沪港深500ETF
517080,汇添富中证沪港深500ETF
008889,银华中证5G通信主题ETF联接A
159821,中银证券创业板ETF
011036,嘉实中证稀土产业ETF联接C
517270,浦银安盛中证沪港深科技龙头ETF
017571,华夏中证新能源ETF发起式联接A
159899,招商中证全指软件ETF
159793,平安中证沪港深线上消费主题ETF
517000,银华中证沪港深500ETF
515920,博时智能消费ETF
017572,华夏中证新能源ETF发起式联接C
159778,鹏华中证工业互联网主题ETF
008089,华夏中证全指房地产ETF联接C
516500,华夏中证生物科技主题ETF
159865,国泰中证畜牧养殖ETF
014942,鹏华中证细分化工产业主题ETF联接A
013177,华宝深证创新100ETF发起联接A
011316,天弘创业板300ETF发起式联接A
159769,银华中证消费电子主题ETF
159718,平安中证港股通医药卫生综合ETF
014943,鹏华中证细分化工产业主题ETF联接C
008585,华夏中证人工智能主题ETF联接A
513230,华夏中证港股通消费主题ETF
014776,富国中证芯片产业ETF发起式联接A
013178,华宝深证创新100ETF发起联接C
011317,天弘创业板300ETF发起式联接C
159877,南方中证全指医疗保健设备与服务ETF
011612,华夏科创50ETF联接A
011614,工银科创板50ETF联接A
014777,富国中证芯片产业ETF发起式联接C
517330,易方达中证长江保护主题ETF
015808,汇添富中证电池主题ETF发起式联接D
159713,富国中证稀土产业ETF
516160,南方中证新能源ETF
008020,华富中证人工智能产业ETF联接A
013019,国泰中证全指建筑材料ETF联接A
008586,华夏中证人工智能主题ETF联接C
011613,华夏科创50ETF联接C
517160,南方中证长江保护主题ETF
012781,银华中证创新药产业ETF发起式联接A
011615,工银科创板50ETF联接C
513770,华宝中证港股通互联网ETF
012782,银华中证创新药产业ETF发起式联接C
013020,国泰中证全指建筑材料ETF联接C
159750,招商中证香港科技ETF(QDII)
159701,招商中证物联网主题ETF
008021,华富中证人工智能产业ETF联接C
159896,南方中证物联网主题ETF
159733,景顺中证消费电子ETF
515260,华宝中证电子50ETF
516900,华安中证申万食品饮料ETF
011610,华泰柏瑞科创板50ETF联接A
013162,广发沪港深科技龙头ETF联接A
012619,嘉实中证软件服务ETF联接A
561100,富国中证消费电子主题ETF
159731,华夏中证石化产业ETF
516380,华宝智能电动汽车ETF
516790,华泰柏瑞中证医疗保健ETF
159873,天弘中证全指医疗保健设备与服务ETF
013163,广发沪港深科技龙头ETF联接C
516390,汇添富中证新能源汽车产业ETF
012620,嘉实中证软件服务ETF联接C
011611,华泰柏瑞科创板50ETF联接C
014117,国泰中证沪港深创新药产业ETF发起联接A
159760,泰康国证公共卫生与健康ETF
014331,华泰柏瑞中证稀土产业ETF发起式联接A
159732,华夏国证消费电子主题ETF
110033,易方达恒生国企ETF联接现钞A
110032,易方达恒生国企ETF联接现汇A
159751,鹏华中证港股通科技ETF
014332,华泰柏瑞中证稀土产业ETF发起式联接C
014118,国泰中证沪港深创新药产业ETF发起联接C
516220,国泰中证细分化工产业主题ETF
159773,华泰柏瑞创业板科技ETF
013402,华夏恒生科技ETF发起式联接(QDII)A
512500,华夏中证500ETF
001052,华夏中证500ETF联接A
515710,华宝中证细分食品饮料主题ETF
012116,中银创业板ETF发起联接A
013403,华夏恒生科技ETF发起式联接(QDII)C
517300,国寿安保中证沪港深300ETF
588160,南方上证科创板新材料ETF
159745,国泰中证全指建筑材料ETF
012979,大成恒生科技ETF发起式联接A
012117,中银创业板ETF发起联接C
014673,富国中证港股通互联网ETF发起式联接A
012804,广发恒生科技ETF联接(QDII)A
159716,华宝深创100ETF
588010,博时上证科创板新材料ETF
561600,平安中证消费电子主题ETF
014674,富国中证港股通互联网ETF发起式联接C
017116,浦银安盛中证光伏产业ETF联接A
160419,华安中证全指证券公司ETF联接A
016225,申万菱信中证内地新能源主题ETF发起联接A
012805,广发恒生科技ETF联接(QDII)C
005675,易方达恒生国企ETF联接C
012980,大成恒生科技ETF发起式联接C
017117,浦银安盛中证光伏产业ETF联接C
013907,永赢深创100ETF发起式联接A
016226,申万菱信中证内地新能源主题ETF发起联接C
159835,建信中证创新药产业ETF
016566,嘉实中证电池主题ETF发起联接A
516550,嘉实中证大农业ETF
012730,国泰中证细分化工产业主题ETF联接A
013908,永赢深创100ETF发起式联接C
159858,南方中证创新药产业ETF
159723,汇添富中证沪港深科技龙头ETF
159707,华宝中证800地产ETF
016567,嘉实中证电池主题ETF发起联接C
159777,国联安创业板科技ETF
561500,华泰柏瑞中证企业核心竞争力50ETF
012731,国泰中证细分化工产业主题ETF联接C
159823,嘉实H股50ETF(QDII)
012550,华宝中证电子50ETF联接A
562950,易方达中证消费电子主题ETF
516120,富国中证细分化工产业主题ETF
515320,华安中证电子50ETF
001629,天弘中证计算机ETF联接A
005554,南方恒生国企ETF联接A
012551,华宝中证电子50ETF联接C
159721,永赢深证创新100ETF
159838,博时医药50ETF
012179,浦银安盛创业板ETF联接A
159748,富国沪港深创新药产业ETF
013443,建信创业板ETF联接E
159706,华安深证100ETF
013127,汇添富恒生科技ETF联接发起式(QDII)A
010989,南方房地产ETF联接E
159755,广发国证新能源车电池ETF
159954,南方恒生中国企业ETF
013306,国泰中证科创创业50ETF发起联接A
012326,天弘中证全指医疗保健设备与服务ETF联接A
012180,浦银安盛创业板ETF联接C
516020,华宝化工ETF
012882,工银科技龙头ETF发起式联接A
560980,广发中证光伏龙头30ETF
513590,鹏华中证港股通消费主题ETF
012883,工银科技龙头ETF发起式联接C
013128,汇添富恒生科技ETF联接发起式(QDII)C
001630,天弘中证计算机ETF联接C
012327,天弘中证全指医疗保健设备与服务ETF联接C
515170,华夏中证细分食品饮料主题ETF
013307,国泰中证科创创业50ETF发起联接C
516080,易方达中证创新药产业ETF
005555,南方恒生国企ETF联接C
562910,易方达中证装备产业ETF
561310,国泰中证消费电子主题ETF
516480,国联安中证新材料主题ETF
516350,易方达中证芯片产业ETF
159715,易方达中证稀土产业ETF
515120,广发中证创新药产业ETF
159703,天弘中证新材料主题ETF
013810,广发科创板50ETF发起联接A
588000,华夏上证科创板50成份ETF
013811,广发科创板50ETF发起联接C
159796,汇添富中证电池主题ETF
159637,新能源车龙头ETF
008154,嘉实医药健康100ETF联接A
014908,国泰中证新材料主题ETF发起联接A
588280,华安上证科创板50ETF
008155,嘉实医药健康100ETF联接C
588090,华泰柏瑞上证科创板50成份ETF
013302,招商中证科创创业50ETF联接A
159870,鹏华中证细分化工产业ETF
517110,国泰中证沪港深创新药产业ETF
014909,国泰中证新材料主题ETF发起联接C
159779,招商中证消费电子主题ETF
159608,广发中证稀有金属主题ETF
012537,华宝中证细分化工产业主题ETF联接A
013317,华宝中证科创创业50ETF联接A
159898,招商中证全指医疗器械ETF
588050,工银上证科创50成份ETF
159864,国泰中证光伏产业ETF
588080,易方达上证科创板50成份ETF
012538,华宝中证细分化工产业主题ETF联接C
013601,国泰中证光伏产业ETF发起联接A
013303,招商中证科创创业50ETF联接C
013318,华宝中证科创创业50ETF联接C
560000,浦银安盛中证智能电动汽车ETF
013602,国泰中证光伏产业ETF发起联接C
014431,华夏中证新材料主题ETF发起式联接A
013313,富国中证科创创业50ETF联接A
013304,易方达中证科创创业50ETF联接A
014432,华夏中证新材料主题ETF发起式联接C
013314,富国中证科创创业50ETF联接C
588150,南方上证科创板50ETF
516290,汇添富中证光伏产业ETF
013305,易方达中证科创创业50ETF联接C
159768,银华中证内地地产主题ETF
510560,国寿安保中证500ETF
012737,广发中证创新药产业ETF联接A
013298,南方中证科创创业50ETF联接A
012698,平安中证新能源汽车ETF发起联接A
516690,银华中证细分化工产业主题ETF
561800,华富中证稀有金属主题ETF
159790,华夏中证内地低碳经济主题ETF
012738,广发中证创新药产业ETF联接C
560800,鹏扬中证数字经济主题ETF
012969,鹏华国证半导体芯片ETF联接A
013299,南方中证科创创业50ETF联接C
516050,工银中证科技龙头ETF
012699,平安中证新能源汽车ETF发起联接C
012970,鹏华国证半导体芯片ETF联接C
009881,广发中证医疗ETF联接C
004642,南方房地产ETF联接A
159850,华夏恒生中国企业ETF(QDII)
001241,国寿安保中证500ETF联接
159883,永赢中证全指医疗器械ETF
517380,天弘恒生沪深港创新药精选50ETF
562300,银华中证内地低碳经济主题ETF
014099,博时中证科创创业50ETF发起式联接A
015871,景顺长城国证新能源车电池ETF联接A
013310,华夏科创创业50ETF联接A
159729,汇添富中证沪港深互联网ETF
015872,景顺长城国证新能源车电池ETF联接C
014100,博时中证科创创业50ETF发起式联接C
516610,大成中证全指医疗保健设备与服务ETF
159720,泰康中证智能电动汽车ETF
014110,嘉实中证稀有金属主题ETF发起联接A
013311,华夏科创创业50ETF联接C
560560,泰康中证内地低碳经济ETF
014111,嘉实中证稀有金属主题ETF发起联接C
012679,华泰柏瑞光伏ETF联接A
001361,景顺中证科技传媒通信150ETF联接
012680,华泰柏瑞光伏ETF联接C
516060,工银瑞信中证创新药产业ETF
016349,景顺长城国证新能源车电池ETF联接D
013315,嘉实中证科创创业50ETF发起联接A
012907,鹏扬中证科创创业50ETF联接A
013171,华夏恒生互联网科技业ETF联接(QDII)A
004643,南方房地产ETF联接C
159849,招商中证生物科技主题ETF
517350,广发中证沪港深科技龙头ETF
013316,嘉实中证科创创业50ETF发起联接C
516640,富国中证芯片产业ETF
013172,华夏恒生互联网科技业ETF联接(QDII)C
516600,工银瑞信中证消费服务领先ETF
517120,华泰柏瑞中证创新药产业ETF
013605,华夏中证内地低碳经济主题ETF发起式联接A
012908,鹏扬中证科创创业50ETF联接C
510770,申万菱信上证G60创新ETF
516930,民生加银中证生物科技主题ETF
016019,招商中证电池主题ETF联接A
517800,方正富邦沪港深人工智能50ETF
013606,华夏中证内地低碳经济主题ETF发起式联接C
515910,中金MSCI中国A股国际质量ETF
016020,招商中证电池主题ETF联接C
015873,工银国证新能源车电池ETF发起式联接A
159792,富国中证港股通互联网ETF
588310,方正富邦科创创业50ETF
012629,广发国证半导体芯片ETF联接A
159710,建信中证智能电动汽车ETF
159609,浦银安盛中证光伏产业ETF
013105,华安中证光伏产业ETF发起式联接A
015874,工银国证新能源车电池ETF发起式联接C
012554,西部利得创业板大盘ETF联接A
012630,广发国证半导体芯片ETF联接C
012598,华安国证生物医药ETF发起式联接A
159892,华夏恒生香港上市生物科技ETF(QDII)
516920,汇添富中证芯片产业ETF
013106,华安中证光伏产业ETF发起式联接C
012555,西部利得创业板大盘ETF联接C
159735,银华中证港股通消费主题ETF
012894,天弘中证科创创业50ETF联接A
562800,嘉实中证稀有金属主题ETF
012599,华安国证生物医药ETF发起式联接C
012895,天弘中证科创创业50ETF联接C
512200,南方中证房地产ETF
588180,国联安上证科创板50成份ETF
013475,华宝中证智能电动汽车ETF发起式联接A
588390,博时中证科创创业50ETF
013476,华宝中证智能电动汽车ETF发起式联接C
517050,华泰柏瑞中证沪港深互联网ETF
012831,南方中证新能源ETF联接A
588060,广发上证科创板50成份ETF
562880,嘉实中证电池主题ETF
159775,建信国证新能源车电池ETF
159837,易方达中证生物科技主题ETF
012832,南方中证新能源ETF联接C
013013,华夏中证新能源汽车ETF发起式联接A
516580,博时中证新能源ETF
159875,嘉实中证新能源ETF
516890,平安中证新材料主题ETF
013014,华夏中证新能源汽车ETF发起式联接C
013179,广发国证新能源车电池ETF联接A
012862,汇添富中证电池主题ETF发起式联接A
013473,华宝中证新材料ETF发起式联接A
013180,广发国证新能源车电池ETF联接C
588360,国泰中证科创创业50ETF
012863,汇添富中证电池主题ETF发起式联接C
159752,申万菱信中证内地新能源主题ETF
013474,华宝中证新材料ETF发起式联接C
014303,华安中证内地新能源主题ETF发起式联接A
159757,景顺长城国证新能源车电池ETF
159891,建信中证全指医疗保健设备与服务ETF
014304,华安中证内地新能源主题ETF发起式联接C
159767,兴银国证新能源车电池ETF
561160,富国中证电池主题ETF
513010,易方达恒生科技(QDII-ETF)
516270,华安中证内地新能源主题ETF
159742,博时恒生科技ETF(QDII)
561910,招商中证电池主题ETF
011040,天弘国证生物医药ETF发起式联接A
159761,国泰中证新材料主题ETF
011041,天弘国证生物医药ETF发起式联接C
012634,国泰中证医疗ETF联接A
513580,华安恒生科技(QDII-ETF)
516710,华夏中证新材料主题ETF
159840,工银瑞信国证新能源车电池ETF
013319,华安中证新能源汽车ETF发起式联接A
588300,招商中证科创创业50ETF
013320,华安中证新能源汽车ETF发起式联接C
513180,华夏恒生科技ETF(QDII)
012635,国泰中证医疗ETF联接C
588380,富国中证科创创业50ETF
588330,华宝双创龙头ETF
159740,大成恒生科技ETF(QDII)
159741,嘉实恒生科技ETF(QDII)
588400,嘉实中证科创创业50ETF
513130,华泰柏瑞南方东英恒生科技(QDII-ETF)
517200,嘉实中证沪港深互联网ETF
159763,建信中证新材料主题ETF
159828,国泰中证医疗ETF
159783,华夏中证科创创业50ETF
012323,华宝医疗ETF联接C
159780,南方中证科创创业50ETF
159782,银华中证科创创业50ETF
159781,易方达中证科创创业50ETF
513700,鹏华中证港股通医药卫生综合交易ETF
159856,工银瑞信中证沪港深互联网ETF
159859,天弘国证生物医药ETF
159747,南方中证香港科技ETF(QDII)
513060,博时恒生医疗保健(QDII-ETF)
159847,易方达中证医疗ETF
513860,海富通中证港股通科技ETF
513980,景顺长城中证港股通科技ETF
159839,汇添富国证生物医药ETF
162412,华宝医疗ETF联接A
516820,平安医药及医疗器械创新ETF
513330,华夏恒生互联网科技业ETF(QDII)
513100,国泰纳斯达克100ETF
513030,华安德国(DAX)ETF(QDII)
000055,广发纳斯达克100ETF联接美元(QDII)A
513500,博时标普500ETF
050025,博时标普500ETF联接A
040048,华安纳斯达克100ETF联接(QDII)A美元现汇
159941,广发纳斯达克100ETF
040047,华安纳斯达克100ETF联接(QDII)A美元现钞
270042,广发纳斯达克100ETF联接人民币(QDII)A
513050,易方达中概互联50ETF
006479,广发纳斯达克100ETF联接人民币(QDII)C
006480,广发纳斯达克100ETF联接美元(QDII)C
006330,易方达中证海外50ETF联接美元C
006327,易方达中证海外50ETF联接人民币A
006075,博时标普500ETF联接C
513080,华安法国CAC40ETF(QDII)
513300,华夏纳斯达克100ETF(QDII)
159822,银华工银南方东英标普中国新经济ETF(QDII)
513360,博时全球中国教育(QDII-ETF)
161130,易方达纳斯达克100ETF联接(QDII-LOF)A(人民币)
006329,易方达中证海外50ETF联接美元A
013499,博时标普500ETF联接美元汇(QDII)C
013425,博时标普500ETF联接美元汇(QDII)A
159605,广发海外中国互联网30(QDII-ETF)
159607,嘉实中证海外中国互联网30ETF(QDII)
014978,华安纳斯达克100ETF联接(QDII)C
015518,华夏纳斯达克100ETF发起式联接(QDII)A美元现汇
513290,汇添富纳斯达克生物科技ETF(QDII)
513220,招商中证全球中国互联网ETF(QDII)
159632,华安纳斯达克100ETF(QDII)
159612,国泰标普500(QDII-ETF)
015299,华夏纳斯达克100ETF发起式联接(QDII)A
015300,华夏纳斯达克100ETF发起式联接(QDII)C
016055,博时纳斯达克100ETF发起式联接(QDII)A人民币
016532,嘉实纳斯达克100ETF发起联接(QDII)A人民币
016533,嘉实纳斯达克100ETF发起联接(QDII)C人民币
016534,嘉实纳斯达克100ETF发起联接(QDII)A美元现汇
159655,华夏标普500ETF(QDII)
016057,博时纳斯达克100ETF发起式联接(QDII)C人民币
016058,博时纳斯达克100ETF发起式联接(QDII)C美元现汇
016056,博时纳斯达克100ETF发起式联接(QDII)A美元现汇
159687,南方基金南方东英银河联昌富时亚太低碳精选ETF(QDII)
017092,景顺长城纳斯达克科技ETF联接(QDII)A美元现汇
040046,华安纳斯达克100ETF联接(QDII)A
017093,景顺长城纳斯达克科技ETF联接(QDII)C人民币
017028,国泰标普500ETF发起联接(QDII)A人民币
017030,国泰标普500ETF发起联接(QDII)C人民币
017091,景顺长城纳斯达克科技ETF联接(QDII)A人民币
017951,汇添富纳斯达克生物科技ETF发起式联接(QDII)美元现汇
017894,汇添富纳斯达克生物科技ETF发起式联接(QDII)人民币A
513110,华泰柏瑞纳斯达克100ETF(QDII)
513650,南方标普500ETF(QDII)
003722,易方达纳斯达克100ETF联接(QDII-LOF)A(美元现汇)
513390,博时纳斯达克100ETF(QDII)
159659,招商纳斯达克100ETF(QDII)
159660,汇添富纳斯达克100ETF
018064,华夏标普500ETF发起式联接(QDII)A(人民币)
018065,华夏标普500ETF发起式联接(QDII)C
017952,汇添富纳斯达克生物科技ETF发起式联接(QDII)美元现钞
017895,汇添富纳斯达克生物科技ETF发起式联接(QDII)人民币C
018066,华夏标普500ETF发起式联接(QDII)A(美元)
012871,易方达纳斯达克100ETF联接(QDII-LOF)C(美元现汇)
006328,易方达中证海外50ETF联接人民币C
159513,大成纳斯达克100ETF(QDII)
018738,博时标普500ETF联接E(人民币)
159501,嘉实纳斯达克100ETF(QDII)
016535,嘉实纳斯达克100ETF发起联接(QDII)C美元现汇
159696,易方达纳斯达克100ETF(QDII)
159509,景顺长城纳斯达克科技ETF(QDII)
008971,大成纳斯达克100ETF联接(QDII)C
018967,汇添富纳斯达克100ETF发起式联接(QDII)人民币C
019118,景顺长城纳斯达克科技ETF联接(QDII)E人民币
513850,易方达MSCI美国50ETF(QDII)
019524,华泰柏瑞纳斯达克100ETF发起式联接(QDII)A
019525,华泰柏瑞纳斯达克100ETF发起式联接(QDII)C
159502,嘉实标普生物科技精选行业ETF(QDII)
159518,嘉实标普石油天然气勘探及生产精选行业ETF(QDII)
513870,富国纳斯达克100ETF(QDII)
000834,大成纳斯达克100ETF联接(QDII)A
012870,易方达纳斯达克100ETF联接(QDII-LOF)C(人民币)
019547,招商纳斯达克100ETF发起式联接(QDII)A
019548,招商纳斯达克100ETF发起式联接(QDII)C
513730,华泰柏瑞南方东英新交所泛东南亚科技ETF(QDII)
513350,富国标普石油天然气勘探及生产精选行业ETF(QDII)
018966,汇添富纳斯达克100ETF发起式联接(QDII)人民币A
018968,汇添富纳斯达克100ETF发起式联接(QDII)美元现汇
018969,汇添富纳斯达克100ETF发起式联接(QDII)美元现钞
